{"cameraMode":{"drawMode":0,"name":"Shaded","section":"Shading Mode"},"sceneLighting":true,"audioPlay":false,"sceneViewState":{"showFog":true,"showMaterialUpdate":false,"showSkybox":false,"showFlares":true,"showImageEffects":true,"showParticleSystems":true},"in2DMode":false,"pivot":{"x":49.04810333251953,"y":11.091669082641602,"z":93.84355163574219},"rotation":{"x":-0.189949169754982,"y":-0.7715449333190918,"z":0.2691766917705536,"w":-0.5442882776260376},"size":10.095633506774903,"orthographic":false}