{"cameraMode":{"drawMode":0,"name":"Shaded","section":"Shading Mode"},"sceneLighting":true,"audioPlay":false,"sceneViewState":{"showFog":true,"showMaterialUpdate":false,"showSkybox":false,"showFlares":true,"showImageEffects":true,"showParticleSystems":true},"in2DMode":false,"pivot":{"x":37.43466567993164,"y":5.135724067687988,"z":98.8459701538086},"rotation":{"x":-0.36321115493774416,"y":0.0058578625321388248,"z":-0.00233659939840436,"w":-0.9317192435264587},"size":9.400012016296387,"orthographic":false}