{"cameraMode":{"drawMode":0,"name":"Shaded","section":"Shading Mode"},"sceneLighting":true,"audioPlay":false,"sceneViewState":{"showFog":true,"showMaterialUpdate":false,"showSkybox":false,"showFlares":true,"showImageEffects":true,"showParticleSystems":true},"in2DMode":false,"pivot":{"x":57.27162170410156,"y":12.645668029785157,"z":113.40940856933594},"rotation":{"x":0.33715060353279116,"y":0.4255140721797943,"z":-0.17453810572624207,"w":0.8214954733848572},"size":20.3038272857666,"orthographic":false}